sale_date,store_id,product_id,promotion_id,period,units_sold,unit_price,discount_pct,revenue
2026-08-25,S01,P101,,Baseline,5,$80,0%,$400
2026-08-25,S01,P102,,Baseline,8,$120,0%,$960
2026-08-25,S01,P103,,Baseline,10,$50,0%,$500
2026-08-25,S02,P101,,Baseline,4,$80,0%,$320
2026-08-25,S02,P102,,Baseline,6,$120,0%,$720
2026-08-25,S02,P103,,Baseline,9,$50,0%,$450
2026-08-26,S01,P101,,Baseline,5,$80,0%,$400
2026-08-26,S01,P102,,Baseline,8,$120,0%,$960
2026-08-26,S01,P103,,Baseline,10,$50,0%,$500
2026-08-26,S02,P101,,Baseline,4,$80,0%,$320
2026-08-26,S02,P102,,Baseline,6,$120,0%,$720
2026-08-26,S02,P103,,Baseline,9,$50,0%,$450
2026-08-27,S01,P101,,Baseline,5,$80,0%,$400
2026-08-27,S01,P102,,Baseline,8,$120,0%,$960
2026-08-27,S01,P103,,Baseline,10,$50,0%,$500
2026-08-27,S02,P101,,Baseline,4,$80,0%,$320
2026-08-27,S02,P102,,Baseline,6,$120,0%,$720
2026-08-27,S02,P103,,Baseline,9,$50,0%,$450
2026-08-28,S01,P101,,Baseline,5,$80,0%,$400
2026-08-28,S01,P102,,Baseline,8,$120,0%,$960
2026-08-28,S01,P103,,Baseline,10,$50,0%,$500
2026-08-28,S02,P101,,Baseline,4,$80,0%,$320
2026-08-28,S02,P102,,Baseline,6,$120,0%,$720
2026-08-28,S02,P103,,Baseline,9,$50,0%,$450
2026-08-29,S01,P101,,Baseline,5,$80,0%,$400
2026-08-29,S01,P102,,Baseline,8,$120,0%,$960
2026-08-29,S01,P103,,Baseline,10,$50,0%,$500
2026-08-29,S02,P101,,Baseline,4,$80,0%,$320
2026-08-29,S02,P102,,Baseline,6,$120,0%,$720
2026-08-29,S02,P103,,Baseline,9,$50,0%,$450
2026-08-30,S01,P101,,Baseline,5,$80,0%,$400
2026-08-30,S01,P102,,Baseline,8,$120,0%,$960
2026-08-30,S01,P103,,Baseline,10,$50,0%,$500
2026-08-30,S02,P101,,Baseline,4,$80,0%,$320
2026-08-30,S02,P102,,Baseline,6,$120,0%,$720
2026-08-30,S02,P103,,Baseline,9,$50,0%,$450
2026-08-31,S01,P101,,Baseline,5,$80,0%,$400
2026-08-31,S01,P102,,Baseline,8,$120,0%,$960
2026-08-31,S01,P103,,Baseline,10,$50,0%,$500
2026-08-31,S02,P101,,Baseline,4,$80,0%,$320
2026-08-31,S02,P102,,Baseline,6,$120,0%,$720
2026-08-31,S02,P103,,Baseline,9,$50,0%,$450
2026-09-01,S01,P101,PR001,Promotion,12,$80,20%,$768
2026-09-01,S01,P102,PR002,Promotion,9,$120,15%,$918
2026-09-01,S01,P103,PR003,Promotion,8,$50,30%,$280
2026-09-01,S02,P101,PR001,Promotion,10,$80,20%,$640
2026-09-01,S02,P102,PR002,Promotion,7,$120,15%,$714
2026-09-01,S02,P103,PR003,Promotion,7,$50,30%,$245
2026-09-02,S01,P101,PR001,Promotion,12,$80,20%,$768
2026-09-02,S01,P102,PR002,Promotion,9,$120,15%,$918
2026-09-02,S01,P103,PR003,Promotion,8,$50,30%,$280
2026-09-02,S02,P101,PR001,Promotion,10,$80,20%,$640
2026-09-02,S02,P102,PR002,Promotion,7,$120,15%,$714
2026-09-02,S02,P103,PR003,Promotion,7,$50,30%,$245
2026-09-03,S01,P101,PR001,Promotion,12,$80,20%,$768
2026-09-03,S01,P102,PR002,Promotion,9,$120,15%,$918
2026-09-03,S01,P103,PR003,Promotion,8,$50,30%,$280
2026-09-03,S02,P101,PR001,Promotion,10,$80,20%,$640
2026-09-03,S02,P102,PR002,Promotion,7,$120,15%,$714
2026-09-03,S02,P103,PR003,Promotion,7,$50,30%,$245
2026-09-04,S01,P101,PR001,Promotion,12,$80,20%,$768
2026-09-04,S01,P102,PR002,Promotion,9,$120,15%,$918
2026-09-04,S01,P103,PR003,Promotion,8,$50,30%,$280
2026-09-04,S02,P101,PR001,Promotion,10,$80,20%,$640
2026-09-04,S02,P102,PR002,Promotion,7,$120,15%,$714
2026-09-04,S02,P103,PR003,Promotion,7,$50,30%,$245
2026-09-05,S01,P101,PR001,Promotion,12,$80,20%,$768
2026-09-05,S01,P102,PR002,Promotion,9,$120,15%,$918
2026-09-05,S01,P103,PR003,Promotion,8,$50,30%,$280
2026-09-05,S02,P101,PR001,Promotion,10,$80,20%,$640
2026-09-05,S02,P102,PR002,Promotion,7,$120,15%,$714
2026-09-05,S02,P103,PR003,Promotion,7,$50,30%,$245
2026-09-06,S01,P101,PR001,Promotion,12,$80,20%,$768
2026-09-06,S01,P102,PR002,Promotion,9,$120,15%,$918
2026-09-06,S01,P103,PR003,Promotion,8,$50,30%,$280
2026-09-06,S02,P101,PR001,Promotion,10,$80,20%,$640
2026-09-06,S02,P102,PR002,Promotion,7,$120,15%,$714
2026-09-06,S02,P103,PR003,Promotion,7,$50,30%,$245
2026-09-07,S01,P101,PR001,Promotion,12,$80,20%,$768
2026-09-07,S01,P102,PR002,Promotion,9,$120,15%,$918
2026-09-07,S01,P103,PR003,Promotion,8,$50,30%,$280
2026-09-07,S02,P101,PR001,Promotion,10,$80,20%,$640
2026-09-07,S02,P102,PR002,Promotion,7,$120,15%,$714
2026-09-07,S02,P103,PR003,Promotion,7,$50,30%,$245
